{
    "cubrid": {
        "insert": 42029.96778488159,
        "select": 111.63949966430664,
        "update": 59473.98328781128,
        "delete": 50090.23666381836
    },
    "odbc": {
        "insert": 41515.07043838501,
        "select": 122.10774421691895,
        "update": 42420.6817150116,
        "delete": 41293.65658760071
    }
}