{
    "cubrid": {
        "insert": 34626.965045928955,
        "select": 128.43656539916992,
        "update": 39605.3569316864,
        "delete": 38889.278173446655
    },
    "odbc": {
        "insert": 26276.513814926147,
        "select": 126.79243087768555,
        "update": 29060.439586639404,
        "delete": 28064.3150806427
    }
}