{
    "cubrid": {
        "insert": [
            3425.4777431488037,
            2297.1737384796143,
            1772.1006870269775,
            2754.5547485351562,
            4618.949890136719,
            1764.796495437622,
            1673.9633083343506,
            1689.9948120117188,
            2466.2961959838867,
            2033.0173969268799,
            2194.005012512207,
            1824.1169452667236,
            1665.8761501312256,
            1783.2283973693848,
            1864.353895187378,
            1794.6977615356445,
            2050.466775894165,
            2449.3677616119385,
            1819.817066192627,
            1695.3239440917969
        ],
        "select": [
            15.642881393432617,
            15.021324157714844,
            2.735137939453125,
            4.427433013916016,
            9.179115295410156,
            3.173828125,
            0.0,
            0.0,
            0.0,
            0.0,
            0.0,
            15.157222747802734,
            0.0,
            14.010190963745117,
            0.0,
            15.640735626220703,
            2.0062923431396484,
            6.157875061035156,
            11.031150817871094,
            0.0
        ],
        "update": [
            2507.291316986084,
            3339.139938354492,
            2514.0161514282227,
            2877.9232501983643,
            3651.4389514923096,
            2047.5685596466064,
            1951.448678970337,
            1986.4907264709473,
            3314.0180110931396,
            2743.720531463623,
            2983.2944869995117,
            2344.874858856201,
            1708.5762023925781,
            2060.408115386963,
            1739.8498058319092,
            1754.0276050567627,
            1825.3729343414307,
            2681.0529232025146,
            2831.803798675537,
            1782.522439956665
        ],
        "delete": [
            3163.5677814483643,
            3383.486270904541,
            2868.151903152466,
            2265.279531478882,
            3050.33802986145,
            2843.8284397125244,
            2714.0493392944336,
            3219.7439670562744,
            2915.862798690796,
            2385.2410316467285,
            2772.2623348236084,
            2030.7159423828125,
            1618.6490058898926,
            1776.0343551635742,
            1790.2417182922363,
            1812.2029304504395,
            1662.0850563049316,
            2603.1277179718018,
            2565.9396648406982,
            2671.581745147705
        ]
    },
    "odbc": {
        "insert": [
            1215.2960300445557,
            1209.9106311798096,
            1247.3742961883545,
            1533.5850715637207,
            1748.5854625701904,
            1331.1896324157715,
            1249.6321201324463,
            1688.3783340454102,
            1415.520191192627,
            1284.883737564087,
            1387.6311779022217,
            1414.6852493286133,
            1713.3359909057617,
            1325.2437114715576,
            3254.92262840271,
            1311.5248680114746,
            1701.9305229187012,
            1837.639570236206,
            1323.5313892364502,
            1515.249490737915
        ],
        "select": [
            15.79141616821289,
            0.0,
            0.0,
            0.0,
            10.475635528564453,
            18.454790115356445,
            0.0,
            15.621185302734375,
            13.939857482910156,
            0.0,
            10.788917541503906,
            3.0117034912109375,
            15.007734298706055,
            19.596099853515625,
            10.88261604309082,
            0.0,
            11.385917663574219,
            15.637397766113281,
            0.0,
            16.660451889038086
        ],
        "update": [
            1390.9950256347656,
            1353.7209033966064,
            1879.8925876617432,
            1999.0859031677246,
            2383.633852005005,
            1862.492561340332,
            1327.4128437042236,
            2998.814344406128,
            2004.9734115600586,
            1415.384292602539,
            2514.4245624542236,
            1431.5590858459473,
            1932.3277473449707,
            1719.3071842193604,
            2435.1742267608643,
            1342.878818511963,
            2938.7500286102295,
            2858.4744930267334,
            2058.436870574951,
            2687.715530395508
        ],
        "delete": [
            1133.4302425384521,
            1309.9479675292969,
            2103.1951904296875,
            2140.721559524536,
            3309.948444366455,
            2092.6613807678223,
            1311.2037181854248,
            2143.399953842163,
            2049.830436706543,
            2204.195022583008,
            1997.4384307861328,
            1975.8083820343018,
            1923.7008094787598,
            3144.582986831665,
            2080.092430114746,
            1627.7143955230713,
            2482.344150543213,
            1963.8574123382568,
            1756.364345550537,
            2145.935297012329
        ]
    }
}